email,address
pmjmz.bzmujtig@nzqmamv.kwu,ыу. Лпмшорхщтцкцл.6 тй.466
giyh.lsxyl@pifeguh.vct,Юдуебвудашэеюут жя.ч.34 юх.102
enxbepbms.tkexgx@ykbxlxg.vhf,вг. Сэёкэыатц.60 эф.107
eobh.xypyh@zyyhys.wig,Ф. Аудзьбеюут жя.ч.31 юх.159
kizumtw36@rwpvawv.kwu,ыу. Игщъшцунъцйзл.81 тй.107
nevvix.kpiewsr@lsxqemp.gsq,Ёяхтодг чп.з.77 оё.232
pexkxexk.biblklob@elqjxfi.zlj,Дешезйпьшзбцх йв.ъ.80 бш.422
ugyvp@wbkj.xod,эх. Нйбчйин.25 фл.43
trwxg.gbxghp@tulabkx.ubs,Дебюубфтс ёю.ц.14 эф.61
tdquvjw.wjxvrn@hjqxx.lxv,Ъщ. Усъфчкъуст шнщ.м.73 ук.65
